component,category,source,symbol,production_callers,evidence_present,state_owned,effects_owned,authority_owned,proof_owned,decision,canonical_owner,migration_gate,deletion_gate,tests_affected
public_cli_canonical_product_run,public_mission_surface,sentinel/cli.py,_run_canonical_product_command,[],True,root MissionRecord bootstrap via canonical core helper,delegates to canonical root runtime,descriptive MissionAuthoritySummary,canonical proof root summary,KEEP,RootMissionRuntime public entrypoint,"route through one root MissionRecord, graph and ProductActionKernel workspace dispatch in C2",delete bridge pieces only after C2 parity,C2 workspace single-spine probes
public_cli_canonical_dev_run,public_mission_surface,sentinel/cli.py,_run_canonical_dev_command,[],True,none,none,none,none,MIGRATE_DELETE,RootMissionRuntime test/dev harness,C2 qualified route parity required before deletion,delete only after qualified callers and acceptance probes prove parity,C2 workspace single-spine probes
public_cli_cockpit_chat,public_mission_surface,sentinel/cli.py,_run_cockpit_command,[],True,none,none,none,none,MIGRATE_DELETE,RootMissionRuntime,C2 qualified route parity required before deletion,delete only after qualified callers and acceptance probes prove parity,C2 workspace single-spine probes
public_cli_power_lab_run,public_mission_surface,sentinel/cli.py,run_power_lab_mission,[],True,none,none,none,none,MIGRATE_DELETE,RootMissionRuntime,C2 qualified route parity required before deletion,delete only after qualified callers and acceptance probes prove parity,C2 workspace single-spine probes
public_cli_browser_demos,public_mission_surface,sentinel/cli.py,_run_browser_session_demo,[],True,none,none,none,none,MIGRATE_DELETE,Browser organ adapter under ProductActionKernel,C2 qualified route parity required before deletion,delete only after qualified callers and acceptance probes prove parity,C2 workspace single-spine probes
root_mission_runtime,model_decision_loop,sentinel/operator/canonical_core.py,RootMissionRuntime,[],True,"MissionRecord, CanonicalState, progress, terminalization, cleanup",currently executes workspace effects directly,canonical graph required_authority,MissionProofRoot and canonical receipts,KEEP,RootMissionRuntime,remove direct effect execution; dispatch effects through ProductActionKernel,delete only after qualified callers and acceptance probes prove parity,C2 workspace single-spine probes
runtime_host_class,host_lifecycle,sentinel/operator/runtime_host.py,SentinelRuntimeHost,"[{""call_kind"": ""constructor_call"", ""caller"": ""sentinel.cli::_run_cockpit_command"", ""resolution"": ""QUALIFIED"", ""source"": ""sentinel/cli.py:1173"", ""target"": ""sentinel.operator.runtime_host.SentinelRuntimeHost""}, {""call_kind"": ""constructor_call"", ""caller"": ""sentinel.cli::_run_canonical_product_command"", ""resolution"": ""QUALIFIED"", ""source"": ""sentinel/cli.py:553"", ""target"": ""sentinel.operator.runtime_host.SentinelRuntimeHost""}, {""call_kind"": ""constructor_call"", ""caller"": ""sentinel.operator.browser_cortex_deterministic_runner::run_browser_cortex_deterministic_baseline"", ""resolution"": ""QUALIFIED"", ""source"": ""sentinel/operator/browser_cortex_deterministic_runner.py:212"", ""target"": ""sentinel.operator.runtime_host.SentinelRuntimeHost""}, {""call_kind"": ""constructor_call"", ""caller"": ""sentinel.operator.browser_cortex_search_entity_development::run_browser_cortex_search_entity_development_corpus"", ""resolution"": ""QUALIFIED"", ""source"": ""sentinel/operator/browser_cortex_search_entity_development.py:127"", ""target"": ""sentinel.operator.runtime_host.SentinelRuntimeHost""}, {""call_kind"": ""constructor_call"", ""caller"": ""sentinel.operator.browser_cortex_search_entity_development::_run_browser_cortex_search_entity_development_manifest"", ""resolution"": ""QUALIFIED"", ""source"": ""sentinel/operator/browser_cortex_search_entity_development.py:222"", ""target"": ""sentinel.operator.runtime_host.SentinelRuntimeHost""}]",True,host and lifecycle scope,hosts runtimes but should not own canonical cognition,none,none,KEEP,RuntimeHost hosting/lifecycle only,C2 qualified route parity required before deletion,delete only after qualified callers and acceptance probes prove parity,C2 workspace single-spine probes
runtime_host_product_task_loop_method,model_decision_loop,sentinel/operator/runtime_host.py,run_product_action_kernel_task_loop,[],True,ProductTaskResourceScope and child mission orchestration,ProductActionKernel effect dispatch,none,none,MIGRATE_DELETE,RuntimeHost hosting/lifecycle only,C2 qualified route parity required before deletion,delete only after qualified callers and acceptance probes prove parity,C2 workspace single-spine probes
model_led_product_action_kernel_task_loop,model_decision_loop,sentinel/operator/model_led_product_action_kernel_task_loop.py,ModelLedProductActionKernelTaskLoop,"[{""call_kind"": ""constructor_call"", ""caller"": ""sentinel.operator.runtime_host::SentinelRuntimeHost.run_product_action_kernel_task_loop"", ""resolution"": ""QUALIFIED"", ""source"": ""sentinel/operator/runtime_host.py:820"", ""target"": ""sentinel.operator.model_led_product_action_kernel_task_loop.ModelLedProductActionKernelTaskLoop""}]",True,none,none,none,none,MIGRATE_DELETE,RootMissionRuntime cognition loop,C2 qualified route parity required before deletion,delete only after qualified callers and acceptance probes prove parity,C2 workspace single-spine probes
legacy_model_led_task_loop,model_decision_loop,sentinel/operator/model_led_task_loop.py,ModelLedTaskLoop,[],True,none,none,none,none,MIGRATE_DELETE,RootMissionRuntime,C2 qualified route parity required before deletion,delete only after qualified callers and acceptance probes prove parity,C2 workspace single-spine probes
product_model_native_decision_client,decision_protocol_adapter,sentinel/operator/product_model_native_decision_client.py,ProductModelNativeDecisionClient,"[{""call_kind"": ""constructor_call"", ""caller"": ""sentinel.cli::_run_canonical_product_command"", ""resolution"": ""QUALIFIED"", ""source"": ""sentinel/cli.py:549"", ""target"": ""sentinel.operator.product_model_native_decision_client.ProductModelNativeDecisionClient""}]",True,none,none,none,none,MIGRATE_DELETE,canonical model decision client,C2 qualified route parity required before deletion,delete only after qualified callers and acceptance probes prove parity,C2 workspace single-spine probes
canonical_provider_request_builder,model_decision_client,sentinel/cli.py,_canonical_real_model_request,[],True,none,none,none,none,KEEP,canonical provider protocol module,C2 qualified route parity required before deletion,delete only after qualified callers and acceptance probes prove parity,C2 workspace single-spine probes
cli_private_real_provider_canonical_decision_client,model_decision_client,sentinel/cli.py,_RealProviderCanonicalDecisionClient,[],True,none,none,none,none,MIGRATE_DELETE,canonical provider protocol module,C2 qualified route parity required before deletion,delete only after qualified callers and acceptance probes prove parity,C2 workspace single-spine probes
executable_capability_graph,capability_registry,sentinel/operator/canonical_core.py,ExecutableCapabilityGraph,[],True,none,none,none,none,KEEP,ExecutableCapabilityGraph,C2 qualified route parity required before deletion,delete only after qualified callers and acceptance probes prove parity,C2 workspace single-spine probes
workspace_read_capability_graph_builder,capability_graph_factory,sentinel/operator/canonical_core.py,build_workspace_read_capability_graph,[],True,none,none,none,none,MIGRATE_DELETE,ExecutableCapabilityGraph,C2 qualified route parity required before deletion,delete only after qualified callers and acceptance probes prove parity,C2 workspace single-spine probes
runtime_connection_registry,capability_registry,sentinel/operator/runtime_connections.py,build_default_runtime_connection_registry,"[{""call_kind"": ""constructor_call"", ""caller"": ""sentinel.operator.connection_manifest_registry::ConnectionManifestRegistry.compare_runtime_connections"", ""resolution"": ""QUALIFIED"", ""source"": ""sentinel/operator/connection_manifest_registry.py:73"", ""target"": ""sentinel.operator.runtime_connections.build_default_runtime_connection_registry""}, {""call_kind"": ""constructor_call"", ""caller"": ""sentinel.operator.connection_manifest_registry::ConnectionManifestRegistry.adapter_readiness_report"", ""resolution"": ""QUALIFIED"", ""source"": ""sentinel/operator/connection_manifest_registry.py:94"", ""target"": ""sentinel.operator.runtime_connections.build_default_runtime_connection_registry""}, {""call_kind"": ""constructor_call"", ""caller"": ""sentinel.operator.mission_execution_coordinator::MissionExecutionCoordinator.__init__"", ""resolution"": ""QUALIFIED"", ""source"": ""sentinel/operator/mission_execution_coordinator.py:130"", ""target"": ""sentinel.operator.runtime_connections.build_default_runtime_connection_registry""}, {""call_kind"": ""constructor_call"", ""caller"": ""sentinel.operator.power_skill_registry::build_default_power_skill_registry"", ""resolution"": ""QUALIFIED"", ""source"": ""sentinel/operator/power_skill_registry.py:148"", ""target"": ""sentinel.operator.runtime_connections.build_default_runtime_connection_registry""}, {""call_kind"": ""constructor_call"", ""caller"": ""sentinel.operator.runtime_host::SentinelRuntimeHost.__init__"", ""resolution"": ""QUALIFIED"", ""source"": ""sentinel/operator/runtime_host.py:482"", ""target"": ""sentinel.operator.runtime_connections.build_default_runtime_connection_registry""}]",True,none,none,none,none,MIGRATE_DELETE,ExecutableCapabilityGraph,C2 qualified route parity required before deletion,delete only after qualified callers and acceptance probes prove parity,C2 workspace single-spine probes
product_action_kernel,effect_dispatch_owner,sentinel/operator/action_kernel.py,ActionKernel,"[{""call_kind"": ""constructor_call"", ""caller"": ""sentinel.operator.runtime_host::_default_sentinel_loop_executor"", ""resolution"": ""QUALIFIED"", ""source"": ""sentinel/operator/runtime_host.py:1643"", ""target"": ""sentinel.operator.action_kernel.ActionKernel""}, {""call_kind"": ""constructor_call"", ""caller"": ""sentinel.operator.unified_execution_dispatcher::ProductActionKernelDispatchAdapter.__init__"", ""resolution"": ""QUALIFIED"", ""source"": ""sentinel/operator/unified_execution_dispatcher.py:505"", ""target"": ""sentinel.operator.action_kernel.ActionKernel""}]",True,none,ActionEnvelope effect execution,MissionAuthorityEnvelope checks,ActionResult receipt refs,KEEP,ProductActionKernel,C2 qualified route parity required before deletion,delete only after qualified callers and acceptance probes prove parity,C2 workspace single-spine probes
root_runtime_workspace_effect_executor,effect_dispatch_owner,sentinel/operator/canonical_core.py,_execute,[],True,CanonicalState observations,direct workspace list/read/search,canonical graph required_authority,CanonicalEffectReceipt,MIGRATE_DELETE,ProductActionKernel,C2 qualified route parity required before deletion,delete only after qualified callers and acceptance probes prove parity,C2 workspace single-spine probes
mission_lifecycle_service,authority_boundary,sentinel/operator/mission_lifecycle_service.py,MissionLifecycleService,"[{""call_kind"": ""constructor_call"", ""caller"": ""sentinel.operator.runtime_host::SentinelRuntimeHost.__init__"", ""resolution"": ""QUALIFIED"", ""source"": ""sentinel/operator/runtime_host.py:491"", ""target"": ""sentinel.operator.mission_lifecycle_service.MissionLifecycleService""}]",True,none,none,none,none,KEEP,AuthorityKernel facade,C2 qualified route parity required before deletion,delete only after qualified callers and acceptance probes prove parity,C2 workspace single-spine probes
assert_data_not_authority,authority_boundary,sentinel/operator/safety.py,assert_data_not_authority,"[{""call_kind"": ""constructor_call"", ""caller"": ""sentinel.operator.account_authority_models::AccountAuthorityDataModel._account_data_is_not_authority"", ""resolution"": ""QUALIFIED"", ""source"": ""sentinel/operator/account_authority_models.py:28"", ""target"": ""sentinel.operator.safety.assert_data_not_authority""}, {""call_kind"": ""constructor_call"", ""caller"": ""sentinel.operator.action_failure_policy::ActionExecutionFailureDecision._decision_is_data_only"", ""resolution"": ""QUALIFIED"", ""source"": ""sentinel/operator/action_failure_policy.py:65"", ""target"": ""sentinel.operator.safety.assert_data_not_authority""}, {""call_kind"": ""constructor_call"", ""caller"": ""sentinel.operator.action_kernel::ActionResult._result_is_evidence_not_authority"", ""resolution"": ""QUALIFIED"", ""source"": ""sentinel/operator/action_kernel.py:148"", ""target"": ""sentinel.operator.safety.assert_data_not_authority""}, {""call_kind"": ""constructor_call"", ""caller"": ""sentinel.operator.action_kernel::ActionEnvelope._envelope_is_model_decision_not_authority"", ""resolution"": ""QUALIFIED"", ""source"": ""sentinel/operator/action_kernel.py:84"", ""target"": ""sentinel.operator.safety.assert_data_not_authority""}, {""call_kind"": ""constructor_call"", ""caller"": ""sentinel.operator.actionability_registry::ActionabilityRegistryFrame._frame_is_data_only"", ""resolution"": ""QUALIFIED"", ""source"": ""sentinel/operator/actionability_registry.py:122"", ""target"": ""sentinel.operator.safety.assert_data_not_authority""}, {""call_kind"": ""constructor_call"", ""caller"": ""sentinel.operator.actionability_registry::PowerSkillDescriptor._descriptor_is_map_not_power"", ""resolution"": ""QUALIFIED"", ""source"": ""sentinel/operator/actionability_registry.py:40"", ""target"": ""sentinel.operator.safety.assert_data_not_authority""}, {""call_kind"": ""constructor_call"", ""caller"": ""sentinel.operator.actionability_registry::ActionExposure._exposure_is_data_only"", ""resolution"": ""QUALIFIED"", ""source"": ""sentinel/operator/actionability_registry.py:72"", ""target"": ""sentinel.operator.safety.assert_data_not_authority""}, {""call_kind"": ""constructor_call"", ""caller"": ""sentinel.operator.actionability_registry::SkillExposure._skill_exposure_is_data_only"", ""resolution"": ""QUALIFIED"", ""source"": ""sentinel/operator/actionability_registry.py:97"", ""target"": ""sentinel.operator.safety.assert_data_not_authority""}, {""call_kind"": ""constructor_call"", ""caller"": ""sentinel.operator.authority_issuer::MissionAuthorityApprovalScope._approval_scope_is_not_authority"", ""resolution"": ""QUALIFIED"", ""source"": ""sentinel/operator/authority_issuer.py:112"", ""target"": ""sentinel.operator.safety.assert_data_not_authority""}, {""call_kind"": ""constructor_call"", ""caller"": ""sentinel.operator.authority_issuer::MissionAuthorityEnvelopeRecord._record_is_proof_not_authority"", ""resolution"": ""QUALIFIED"", ""source"": ""sentinel/operator/authority_issuer.py:156"", ""target"": ""sentinel.operator.safety.assert_data_not_authority""}, {""call_kind"": ""constructor_call"", ""caller"": ""sentinel.operator.authority_issuer::MissionAuthorityRevocationRecord._revocation_is_proof_not_authority"", ""resolution"": ""QUALIFIED"", ""source"": ""sentinel/operator/authority_issuer.py:213"", ""target"": ""sentinel.operator.safety.assert_data_not_authority""}, {""call_kind"": ""constructor_call"", ""caller"": ""sentinel.operator.authority_issuer::MissionAuthorityPolicy._policy_is_not_authority"", ""resolution"": ""QUALIFIED"", ""source"": ""sentinel/operator/authority_issuer.py:59"", ""target"": ""sentinel.operator.safety.assert_data_not_authority""}, {""call_kind"": ""constructor_call"", ""caller"": ""sentinel.operator.browser_backend_selector::BrowserBackendCandidate._candidate_is_data_only"", ""resolution"": ""QUALIFIED"", ""source"": ""sentinel/operator/browser_backend_selector.py:30"", ""target"": ""sentinel.operator.safety.assert_data_not_authority""}, {""call_kind"": ""constructor_call"", ""caller"": ""sentinel.operator.browser_backend_selector::BrowserBackendSelection._selection_is_data_only"", ""resolution"": ""QUALIFIED"", ""source"": ""sentinel/operator/browser_backend_selector.py:54"", ""target"": ""sentinel.operator.safety.assert_data_not_authority""}, {""call_kind"": ""constructor_call"", ""caller"": ""sentinel.operator.browser_control_models::_assert_data_only"", ""resolution"": ""QUALIFIED"", ""source"": ""sentinel/operator/browser_control_models.py:230"", ""target"": ""sentinel.operator.safety.assert_data_not_authority""}, {""call_kind"": ""constructor_call"", ""caller"": ""sentinel.operator.browser_environment_state::BrowserEnvironmentState._state_is_map_not_authority"", ""resolution"": ""QUALIFIED"", ""source"": ""sentinel/operator/browser_environment_state.py:103"", ""target"": ""sentinel.operator.safety.assert_data_not_authority""}, {""call_kind"": ""constructor_call"", ""caller"": ""sentinel.operator.browser_product_cutover_registry::BrowserProductCutoverPath._path_is_cutover_truth_not_power"", ""resolution"": ""QUALIFIED"", ""source"": ""sentinel/operator/browser_product_cutover_registry.py:44"", ""target"": ""sentinel.operator.safety.assert_data_not_authority""}, {""call_kind"": ""constructor_call"", ""caller"": ""sentinel.operator.browser_product_cutover_registry::BrowserProductCutoverFrame._frame_is_cutover_truth_not_power"", ""resolution"": ""QUALIFIED"", ""source"": ""sentinel/operator/browser_product_cutover_registry.py:95"", ""target"": ""sentinel.operator.safety.assert_data_not_authority""}, {""call_kind"": ""constructor_call"", ""caller"": ""sentinel.operator.canonical_core::CanonicalDecisionRequest._request_is_data_only"", ""resolution"": ""QUALIFIED"", ""source"": ""sentinel/operator/canonical_core.py:259"", ""target"": ""sentinel.operator.safety.assert_data_not_authority""}, {""call_kind"": ""constructor_call"", ""caller"": ""sentinel.operator.canonical_core::CanonicalDecision._decision_is_data_only"", ""resolution"": ""QUALIFIED"", ""source"": ""sentinel/operator/canonical_core.py:291"", ""target"": ""sentinel.operator.safety.assert_data_not_authority""}, {""call_kind"": ""constructor_call"", ""caller"": ""sentinel.operator.canonical_core::CanonicalEffectReceipt._receipt_is_data_only"", ""resolution"": ""QUALIFIED"", ""source"": ""sentinel/operator/canonical_core.py:355"", ""target"": ""sentinel.operator.safety.assert_data_not_authority""}, {""call_kind"": ""constructor_call"", ""caller"": ""sentinel.operator.canonical_core::RootMissionRuntime._normalize_decision"", ""resolution"": ""QUALIFIED"", ""source"": ""sentinel/operator/canonical_core.py:792"", ""target"": ""sentinel.operator.safety.assert_data_not_authority""}, {""call_kind"": ""constructor_call"", ""caller"": ""sentinel.operator.channel_adapter_models::ChannelDataModel._channel_data_is_not_authority"", ""resolution"": ""QUALIFIED"", ""source"": ""sentinel/operator/channel_adapter_models.py:52"", ""target"": ""sentinel.operator.safety.assert_data_not_authority""}, {""call_kind"": ""constructor_call"", ""caller"": ""sentinel.operator.code_execution_sandbox_models::CodeExecutionResult._result_is_data_not_authority"", ""resolution"": ""QUALIFIED"", ""source"": ""sentinel/operator/code_execution_sandbox_models.py:113"", ""target"": ""sentinel.operator.safety.assert_data_not_authority""}, {""call_kind"": ""constructor_call"", ""caller"": ""sentinel.operator.code_execution_sandbox_models::CodeExecutionReceipt._receipt_is_data_not_authority"", ""resolution"": ""QUALIFIED"", ""source"": ""sentinel/operator/code_execution_sandbox_models.py:173"", ""target"": ""sentinel.operator.safety.assert_data_not_authority""}, {""call_kind"": ""constructor_call"", ""caller"": ""sentinel.operator.code_execution_sandbox_models::CodeExecutionFinalCertificate._certificate_is_data_not_authority"", ""resolution"": ""QUALIFIED"", ""source"": ""sentinel/operator/code_execution_sandbox_models.py:232"", ""target"": ""sentinel.operator.safety.assert_data_not_authority""}, {""call_kind"": ""constructor_call"", ""caller"": ""sentinel.operator.code_execution_sandbox_models::CodeExecutionProfile._profile_is_data_not_authority"", ""resolution"": ""QUALIFIED"", ""source"": ""sentinel/operator/code_execution_sandbox_models.py:33"", ""target"": ""sentinel.operator.safety.assert_data_not_authority""}, {""call_kind"": ""constructor_call"", ""caller"": ""sentinel.operator.code_execution_sandbox_models::CodeExecutionRequest._request_is_data_not_authority"", ""resolution"": ""QUALIFIED"", ""source"": ""sentinel/operator/code_execution_sandbox_models.py:61"", ""target"": ""sentinel.operator.safety.assert_data_not_authority""}, {""call_kind"": ""constructor_call"", ""caller"": ""sentinel.operator.connection_identity_models::ConnectionIdentityDataModel._identity_data_is_not_authority"", ""resolution"": ""QUALIFIED"", ""source"": ""sentinel/operator/connection_identity_models.py:64"", ""target"": ""sentinel.operator.safety.assert_data_not_authority""}, {""call_kind"": ""constructor_call"", ""caller"": ""sentinel.operator.connection_inbound_models::InboundDataModel._inbound_data_is_not_authority"", ""resolution"": ""QUALIFIED"", ""source"": ""sentinel/operator/connection_inbound_models.py:87"", ""target"": ""sentinel.operator.safety.assert_data_not_authority""}, {""call_kind"": ""constructor_call"", ""caller"": ""sentinel.operator.connection_live_channel_action_models::LiveChannelActionDataModel._data_model_is_not_authority"", ""resolution"": ""QUALIFIED"", ""source"": ""sentinel/operator/connection_live_channel_action_models.py:44"", ""target"": ""sentinel.operator.safety.assert_data_not_authority""}, {""call_kind"": ""constructor_call"", ""caller"": ""sentinel.operator.connection_manifest_models::ConnectionManifest._manifest_is_data_only"", ""resolution"": ""QUALIFIED"", ""source"": ""sentinel/operator/connection_manifest_models.py:123"", ""target"": ""sentinel.operator.safety.assert_data_not_authority""}, {""call_kind"": ""constructor_call"", ""caller"": ""sentinel.operator.credential_vault_models::CredentialVaultDataModel._credential_vault_data_is_not_authority"", ""resolution"": ""QUALIFIED"", ""source"": ""sentinel/operator/credential_vault_models.py:32"", ""target"": ""sentinel.operator.safety.assert_data_not_authority""}, {""call_kind"": ""constructor_call"", ""caller"": ""sentinel.operator.daemon_models::DaemonLease._lease_is_not_authority"", ""resolution"": ""QUALIFIED"", ""source"": ""sentinel/operator/daemon_models.py:131"", ""target"": ""sentinel.operator.safety.assert_data_not_authority""}, {""call_kind"": ""constructor_call"", ""caller"": ""sentinel.operator.daemon_models::DaemonHeartbeatRecord._heartbeat_is_data_only"", ""resolution"": ""QUALIFIED"", ""source"": ""sentinel/operator/daemon_models.py:188"", ""target"": ""sentinel.operator.safety.assert_data_not_authority""}, {""call_kind"": ""constructor_call"", ""caller"": ""sentinel.operator.daemon_models::DaemonQueueRecord._queue_is_data_only"", ""resolution"": ""QUALIFIED"", ""source"": ""sentinel/operator/daemon_models.py:244"", ""target"": ""sentinel.operator.safety.assert_data_not_authority""}, {""call_kind"": ""constructor_call"", ""caller"": ""sentinel.operator.daemon_models::DaemonQueueCursor._cursor_is_data_only"", ""resolution"": ""QUALIFIED"", ""source"": ""sentinel/operator/daemon_models.py:297"", ""target"": ""sentinel.operator.safety.assert_data_not_authority""}, {""call_kind"": ""constructor_call"", ""caller"": ""sentinel.operator.daemon_models::DeadLetterRecord._dead_letter_is_data_only"", ""resolution"": ""QUALIFIED"", ""source"": ""sentinel/operator/daemon_models.py:327"", ""target"": ""sentinel.operator.safety.assert_data_not_authority""}, {""call_kind"": ""constructor_call"", ""caller"": ""sentinel.operator.daemon_models::DaemonRecoveryPlan._recovery_plan_is_data_only"", ""resolution"": ""QUALIFIED"", ""source"": ""sentinel/operator/daemon_models.py:387"", ""target"": ""sentinel.operator.safety.assert_data_not_authority""}, {""call_kind"": ""constructor_call"", ""caller"": ""sentinel.operator.daemon_models::OperatorHandoffRequest._handoff_is_data_only"", ""resolution"": ""QUALIFIED"", ""source"": ""sentinel/operator/daemon_models.py:412"", ""target"": ""sentinel.operator.safety.assert_data_not_authority""}, {""call_kind"": ""constructor_call"", ""caller"": ""sentinel.operator.daemon_models::OperatorNotification._notification_is_data_only"", ""resolution"": ""QUALIFIED"", ""source"": ""sentinel/operator/daemon_models.py:438"", ""target"": ""sentinel.operator.safety.assert_data_not_authority""}, {""call_kind"": ""constructor_call"", ""caller"": ""sentinel.operator.daemon_models::MissionDaemonState._state_is_data_only"", ""resolution"": ""QUALIFIED"", ""source"": ""sentinel/operator/daemon_models.py:467"", ""target"": ""sentinel.operator.safety.assert_data_not_authority""}, {""call_kind"": ""constructor_call"", ""caller"": ""sentinel.operator.daemon_models::DaemonTickResult._tick_result_is_evidence_only"", ""resolution"": ""QUALIFIED"", ""source"": ""sentinel/operator/daemon_models.py:497"", ""target"": ""sentinel.operator.safety.assert_data_not_authority""}, {""call_kind"": ""constructor_call"", ""caller"": ""sentinel.operator.daemon_models::ProactiveProposal._proposal_is_data_only"", ""resolution"": ""QUALIFIED"", ""source"": ""sentinel/operator/daemon_models.py:570"", ""target"": ""sentinel.operator.safety.assert_data_not_authority""}, {""call_kind"": ""constructor_call"", ""caller"": ""sentinel.operator.daemon_models::ProactiveSchedulerConfig._config_is_data_only"", ""resolution"": ""QUALIFIED"", ""source"": ""sentinel/operator/daemon_models.py:593"", ""target"": ""sentinel.operator.safety.assert_data_not_authority""}, {""call_kind"": ""constructor_call"", ""caller"": ""sentinel.operator.daemon_models::MissionDaemonConfig._config_is_data_only"", ""resolution"": ""QUALIFIED"", ""source"": ""sentinel/operator/daemon_models.py:60"", ""target"": ""sentinel.operator.safety.assert_data_not_authority""}, {""call_kind"": ""constructor_call"", ""caller"": ""sentinel.operator.daemon_models::SchedulerPolicy._policy_is_data_only"", ""resolution"": ""QUALIFIED"", ""source"": ""sentinel/operator/daemon_models.py:615"", ""target"": ""sentinel.operator.safety.assert_data_not_authority""}, {""call_kind"": ""constructor_call"", ""caller"": ""sentinel.operator.daemon_models::SchedulerDecision._decision_is_data_only"", ""resolution"": ""QUALIFIED"", ""source"": ""sentinel/operator/daemon_models.py:638"", ""target"": ""sentinel.operator.safety.assert_data_not_authority""}, {""call_kind"": ""constructor_call"", ""caller"": ""sentinel.operator.daemon_models::DaemonLeaseOwner._owner_is_data_only"", ""resolution"": ""QUALIFIED"", ""source"": ""sentinel/operator/daemon_models.py:81"", ""target"": ""sentinel.operator.safety.assert_data_not_authority""}, {""call_kind"": ""constructor_call"", ""caller"": ""sentinel.operator.desktop_sidecar_models::DesktopDataModel._desktop_data_is_not_authority"", ""resolution"": ""QUALIFIED"", ""source"": ""sentinel/operator/desktop_sidecar_models.py:93"", ""target"": ""sentinel.operator.safety.assert_data_not_authority""}, {""call_kind"": ""constructor_call"", ""caller"": ""sentinel.operator.financial_authority_models::FinancialAuthorityDataModel._financial_data_is_not_authority"", ""resolution"": ""QUALIFIED"", ""source"": ""sentinel/operator/financial_authority_models.py:29"", ""target"": ""sentinel.operator.safety.assert_data_not_authority""}, {""call_kind"": ""constructor_call"", ""caller"": ""sentinel.operator.harness_models::_assert_harness_data_only"", ""resolution"": ""QUALIFIED"", ""source"": ""sentinel/operator/harness_models.py:816"", ""target"": ""sentinel.operator.safety.assert_data_not_authority""}, {""call_kind"": ""constructor_call"", ""caller"": ""sentinel.operator.live_desktop_backend_models::DesktopLiveActionContract._contract_is_data_only"", ""resolution"": ""QUALIFIED"", ""source"": ""sentinel/operator/live_desktop_backend_models.py:547"", ""target"": ""sentinel.operator.safety.assert_data_not_authority""}, {""call_kind"": ""constructor_call"", ""caller"": ""sentinel.operator.llm_frame::OperatorConversationFrame._frame_is_data"", ""resolution"": ""QUALIFIED"", ""source"": ""sentinel/operator/llm_frame.py:138"", ""target"": ""sentinel.operator.safety.assert_data_not_authority""}, {""call_kind"": ""constructor_call"", ""caller"": ""sentinel.operator.mission_artifact_bundle::MissionArtifactBundleExportResult._export_result_is_data_only"", ""resolution"": ""QUALIFIED"", ""source"": ""sentinel/operator/mission_artifact_bundle.py:38"", ""target"": ""sentinel.operator.safety.assert_data_not_authority""}, {""call_kind"": ""constructor_call"", ""caller"": ""sentinel.operator.mission_artifact_bundle::MissionArtifactBundleVerifierResult._verifier_result_is_data_only"", ""resolution"": ""QUALIFIED"", ""source"": ""sentinel/operator/mission_artifact_bundle.py:62"", ""target"": ""sentinel.operator.safety.assert_data_not_authority""}, {""call_kind"": ""constructor_call"", ""caller"": ""sentinel.operator.mission_execution_coordinator::MissionExecutionDecision._decision_is_data_only"", ""resolution"": ""QUALIFIED"", ""source"": ""sentinel/operator/mission_execution_coordinator.py:62"", ""target"": ""sentinel.operator.safety.assert_data_not_authority""}, {""call_kind"": ""constructor_call"", ""caller"": ""sentinel.operator.mission_lifecycle_service::MissionExecutionRequest._request_is_data_only"", ""resolution"": ""QUALIFIED"", ""source"": ""sentinel/operator/mission_lifecycle_service.py:113"", ""target"": ""sentinel.operator.safety.assert_data_not_authority""}, {""call_kind"": ""constructor_call"", ""caller"": ""sentinel.operator.mission_workspace_runtime::MissionWorkspaceManifest._manifest_is_data_only"", ""resolution"": ""QUALIFIED"", ""source"": ""sentinel/operator/mission_workspace_runtime.py:102"", ""target"": ""sentinel.operator.safety.assert_data_not_authority""}, {""call_kind"": ""constructor_call"", ""caller"": ""sentinel.operator.mission_workspace_runtime::MissionWorkspaceHandle._handle_is_data_only"", ""resolution"": ""QUALIFIED"", ""source"": ""sentinel/operator/mission_workspace_runtime.py:69"", ""target"": ""sentinel.operator.safety.assert_data_not_authority""}, {""call_kind"": ""constructor_call"", ""caller"": ""sentinel.operator.model_led_product_action_kernel_task_loop::ProductActionKernelTaskLoopFinalCertificate._certificate_is_data_only"", ""resolution"": ""QUALIFIED"", ""source"": ""sentinel/operator/model_led_product_action_kernel_task_loop.py:68"", ""target"": ""sentinel.operator.safety.assert_data_not_authority""}, {""call_kind"": ""constructor_call"", ""caller"": ""sentinel.operator.model_led_task_loop::ModelLedTaskLoopFinalCertificate._certificate_is_not_authority"", ""resolution"": ""QUALIFIED"", ""source"": ""sentinel/operator/model_led_task_loop.py:60"", ""target"": ""sentinel.operator.safety.assert_data_not_authority""}, {""call_kind"": ""constructor_call"", ""caller"": ""sentinel.operator.model_router_models::RouterDataModel._router_data_is_not_authority"", ""resolution"": ""QUALIFIED"", ""source"": ""sentinel/operator/model_router_models.py:69"", ""target"": ""sentinel.operator.safety.assert_data_not_authority""}, {""call_kind"": ""constructor_call"", ""caller"": ""sentinel.operator.models::OperatorIntent._intent_is_safe_data"", ""resolution"": ""QUALIFIED"", ""source"": ""sentinel/operator/models.py:130"", ""target"": ""sentinel.operator.safety.assert_data_not_authority""}, {""call_kind"": ""constructor_call"", ""caller"": ""sentinel.operator.models::MissionDraft._draft_is_not_executable"", ""resolution"": ""QUALIFIED"", ""source"": ""sentinel/operator/models.py:159"", ""target"": ""sentinel.operator.safety.assert_data_not_authority""}, {""call_kind"": ""constructor_call"", ""caller"": ""sentinel.operator.models::MissionAuthoritySummary._authority_summary_is_not_authority"", ""resolution"": ""QUALIFIED"", ""source"": ""sentinel/operator/models.py:195"", ""target"": ""sentinel.operator.safety.assert_data_not_authority""}, {""call_kind"": ""constructor_call"", ""caller"": ""sentinel.operator.models::MissionStartProposal._start_proposal_cannot_execute"", ""resolution"": ""QUALIFIED"", ""source"": ""sentinel/operator/models.py:219"", ""target"": ""sentinel.operator.safety.assert_data_not_authority""}, {""call_kind"": ""constructor_call"", ""caller"": ""sentinel.operator.models::OperatorLLMDecisionResult._llm_result_is_advisory"", ""resolution"": ""QUALIFIED"", ""source"": ""sentinel/operator/models.py:254"", ""target"": ""sentinel.operator.safety.assert_data_not_authority""}, {""call_kind"": ""constructor_call"", ""caller"": ""sentinel.operator.models::OperatorConversationSession._session_is_state_only"", ""resolution"": ""QUALIFIED"", ""source"": ""sentinel/operator/models.py:305"", ""target"": ""sentinel.operator.safety.assert_data_not_authority""}, {""call_kind"": ""constructor_call"", ""caller"": ""sentinel.operator.models::OperatorTurnResult._turn_result_is_data"", ""resolution"": ""QUALIFIED"", ""source"": ""sentinel/operator/models.py:333"", ""target"": ""sentinel.operator.safety.assert_data_not_authority""}, {""call_kind"": ""constructor_call"", ""caller"": ""sentinel.operator.models::MissionRecord._record_is_kernel_state_only"", ""resolution"": ""QUALIFIED"", ""source"": ""sentinel/operator/models.py:395"", ""target"": ""sentinel.operator.safety.assert_data_not_authority""}, {""call_kind"": ""constructor_call"", ""caller"": ""sentinel.operator.models::MissionEvent._event_is_kernel_data"", ""resolution"": ""QUALIFIED"", ""source"": ""sentinel/operator/models.py:515"", ""target"": ""sentinel.operator.safety.assert_data_not_authority""}, {""call_kind"": ""constructor_call"", ""caller"": ""sentinel.operator.models::OperatorMessage._message_is_data"", ""resolution"": ""QUALIFIED"", ""source"": ""sentinel/operator/models.py:87"", ""target"": ""sentinel.operator.safety.assert_data_not_authority""}, {""call_kind"": ""constructor_call"", ""caller"": ""sentinel.operator.power_skill_registry::PowerSkillBackendBinding._binding_is_data_only"", ""resolution"": ""QUALIFIED"", ""source"": ""sentinel/operator/power_skill_registry.py:48"", ""target"": ""sentinel.operator.safety.assert_data_not_authority""}, {""call_kind"": ""constructor_call"", ""caller"": ""sentinel.operator.power_skill_registry::PowerSkillBackendFrame._frame_is_data_only"", ""resolution"": ""QUALIFIED"", ""source"": ""sentinel/operator/power_skill_registry.py:77"", ""target"": ""sentinel.operator.safety.assert_data_not_authority""}, {""call_kind"": ""constructor_call"", ""caller"": ""sentinel.operator.product_execution_binding::ProductExecutionBinding._binding_is_not_authority"", ""resolution"": ""QUALIFIED"", ""source"": ""sentinel/operator/product_execution_binding.py:34"", ""target"": ""sentinel.operator.safety.assert_data_not_authority""}, {""call_kind"": ""constructor_call"", ""caller"": ""sentinel.operator.read_only_operator_spine::ReadOnlyDecision._decision_is_advisory"", ""resolution"": ""QUALIFIED"", ""source"": ""sentinel/operator/read_only_operator_spine.py:114"", ""target"": ""sentinel.operator.safety.assert_data_not_authority""}, {""call_kind"": ""constructor_call"", ""caller"": ""sentinel.operator.read_only_operator_spine::ReadOnlyReportResult._report_result_is_data_only"", ""resolution"": ""QUALIFIED"", ""source"": ""sentinel/operator/read_only_operator_spine.py:148"", ""target"": ""sentinel.operator.safety.assert_data_not_authority""}, {""call_kind"": ""constructor_call"", ""caller"": ""sentinel.operator.read_only_operator_spine::ReadOnlyActionReceipt._receipt_is_evidence_only"", ""resolution"": ""QUALIFIED"", ""source"": ""sentinel/operator/read_only_operator_spine.py:194"", ""target"": ""sentinel.operator.safety.assert_data_not_authority""}, {""call_kind"": ""constructor_call"", ""caller"": ""sentinel.operator.read_only_operator_spine::ReadOnlyFinalGateCertificate._finalgate_is_evidence_only"", ""resolution"": ""QUALIFIED"", ""source"": ""sentinel/operator/read_only_operator_spine.py:252"", ""target"": ""sentinel.operator.safety.assert_data_not_authority""}, {""call_kind"": ""constructor_call"", ""caller"": ""sentinel.operator.read_only_operator_spine::ReadOnlyMissionSummaryArtifact._summary_is_data_only"", ""resolution"": ""QUALIFIED"", ""source"": ""sentinel/operator/read_only_operator_spine.py:310"", ""target"": ""sentinel.operator.safety.assert_data_not_authority""}, {""call_kind"": ""constructor_call"", ""caller"": ""sentinel.operator.read_only_operator_spine::ReadOnlyOperatorMemoryCandidateArtifact._memory_candidate_is_data_only"", ""resolution"": ""QUALIFIED"", ""source"": ""sentinel/operator/read_only_operator_spine.py:371"", ""target"": ""sentinel.operator.safety.assert_data_not_authority""}, {""call_kind"": ""constructor_call"", ""caller"": ""sentinel.operator.read_only_operator_spine::ReadOnlyDecisionCheckpoint._checkpoint_is_evidence_only"", ""resolution"": ""QUALIFIED"", ""source"": ""sentinel/operator/read_only_operator_spine.py:436"", ""target"": ""sentinel.operator.safety.assert_data_not_authority""}, {""call_kind"": ""constructor_call"", ""caller"": ""sentinel.operator.read_only_operator_spine::ReadOnlyFailedAttemptEvidence._failed_attempt_is_evidence_only"", ""resolution"": ""QUALIFIED"", ""source"": ""sentinel/operator/read_only_operator_spine.py:496"", ""target"": ""sentinel.operator.safety.assert_data_not_authority""}, {""call_kind"": ""constructor_call"", ""caller"": ""sentinel.operator.read_only_operator_spine::ReadOnlyEmergencyTerminalRecord._emergency_terminal_is_evidence_only"", ""resolution"": ""QUALIFIED"", ""source"": ""sentinel/operator/read_only_operator_spine.py:551"", ""target"": ""sentinel.operator.safety.assert_data_not_authority""}, {""call_kind"": ""constructor_call"", ""caller"": ""sentinel.operator.real_browser_control_models::_assert_data_only"", ""resolution"": ""QUALIFIED"", ""source"": ""sentinel/operator/real_browser_control_models.py:410"", ""target"": ""sentinel.operator.safety.assert_data_not_authority""}, {""call_kind"": ""constructor_call"", ""caller"": ""sentinel.operator.runtime_connections::RuntimeConnectionProfile._connection_truth_is_data_only"", ""resolution"": ""QUALIFIED"", ""source"": ""sentinel/operator/runtime_connections.py:79"", ""target"": ""sentinel.operator.safety.assert_data_not_authority""}, {""call_kind"": ""constructor_call"", ""caller"": ""sentinel.operator.scheduler::ProactiveTrigger._trigger_is_data_only"", ""resolution"": ""QUALIFIED"", ""source"": ""sentinel/operator/scheduler.py:34"", ""target"": ""sentinel.operator.safety.assert_data_not_authority""}, {""call_kind"": ""constructor_call"", ""caller"": ""sentinel.operator.skill_models::_assert_skill_data_only"", ""resolution"": ""QUALIFIED"", ""source"": ""sentinel/operator/skill_models.py:958"", ""target"": ""sentinel.operator.safety.assert_data_not_authority""}, {""call_kind"": ""constructor_call"", ""caller"": ""sentinel.operator.unified_execution_dispatcher::DispatcherTerminalCertificate._terminal_certificate_is_data_only"", ""resolution"": ""QUALIFIED"", ""source"": ""sentinel/operator/unified_execution_dispatcher.py:128"", ""target"": ""sentinel.operator.safety.assert_data_not_authority""}, {""call_kind"": ""constructor_call"", ""caller"": ""sentinel.operator.unified_execution_dispatcher::ProductActionKernelReceipt._receipt_is_data_only"", ""resolution"": ""QUALIFIED"", ""source"": ""sentinel/operator/unified_execution_dispatcher.py:201"", ""target"": ""sentinel.operator.safety.assert_data_not_authority""}, {""call_kind"": ""constructor_call"", ""caller"": ""sentinel.operator.unified_execution_dispatcher::ProductActionKernelFinalGateCertificate._certificate_is_data_only"", ""resolution"": ""QUALIFIED"", ""source"": ""sentinel/operator/unified_execution_dispatcher.py:269"", ""target"": ""sentinel.operator.safety.assert_data_not_authority""}, {""call_kind"": ""constructor_call"", ""caller"": ""sentinel.operator.unified_execution_dispatcher::UnifiedDispatchResult._dispatch_result_is_data_only"", ""resolution"": ""QUALIFIED"", ""source"": ""sentinel/operator/unified_execution_dispatcher.py:73"", ""target"": ""sentinel.operator.safety.assert_data_not_authority""}, {""call_kind"": ""constructor_call"", ""caller"": ""sentinel.operator.voice_models::VoiceDataModel._voice_data_is_not_authority"", ""resolution"": ""QUALIFIED"", ""source"": ""sentinel/operator/voice_models.py:29"", ""target"": ""sentinel.operator.safety.assert_data_not_authority""}, {""call_kind"": ""constructor_call"", ""caller"": ""sentinel.operator.worker_orchestration_runtime::WorkerOrchestrationReceipt._receipt_is_data_only"", ""resolution"": ""QUALIFIED"", ""source"": ""sentinel/operator/worker_orchestration_runtime.py:91"", ""target"": ""sentinel.operator.safety.assert_data_not_authority""}, {""call_kind"": ""constructor_call"", ""caller"": ""sentinel.operator.workflow_models::ReplanCandidate._candidate_is_proposal_only"", ""resolution"": ""QUALIFIED"", ""source"": ""sentinel/operator/workflow_models.py:365"", ""target"": ""sentinel.operator.safety.assert_data_not_authority""}, {""call_kind"": ""constructor_call"", ""caller"": ""sentinel.operator.workflow_models::ReplanDecision._decision_is_not_permission"", ""resolution"": ""QUALIFIED"", ""source"": ""sentinel/operator/workflow_models.py:428"", ""target"": ""sentinel.operator.safety.assert_data_not_authority""}, {""call_kind"": ""constructor_call"", ""caller"": ""sentinel.operator.workflow_models::WorkflowRunResult._run_result_is_evidence_only"", ""resolution"": ""QUALIFIED"", ""source"": ""sentinel/operator/workflow_models.py:522"", ""target"": ""sentinel.operator.safety.assert_data_not_authority""}, {""call_kind"": ""constructor_call"", ""caller"": ""sentinel.operator.workspace_patch_models::WorkspacePatchReceipt._receipt_is_data_only"", ""resolution"": ""QUALIFIED"", ""source"": ""sentinel/operator/workspace_patch_models.py:133"", ""target"": ""sentinel.operator.safety.assert_data_not_authority""}, {""call_kind"": ""constructor_call"", ""caller"": ""sentinel.operator.workspace_patch_models::WorkspacePatchVerificationReceipt._verification_is_data_only"", ""resolution"": ""QUALIFIED"", ""source"": ""sentinel/operator/workspace_patch_models.py:200"", ""target"": ""sentinel.operator.safety.assert_data_not_authority""}, {""call_kind"": ""constructor_call"", ""caller"": ""sentinel.operator.workspace_patch_models::WorkspacePatchFinalCertificate._certificate_is_data_only"", ""resolution"": ""QUALIFIED"", ""source"": ""sentinel/operator/workspace_patch_models.py:259"", ""target"": ""sentinel.operator.safety.assert_data_not_authority""}, {""call_kind"": ""constructor_call"", ""caller"": ""sentinel.operator.workspace_patch_models::WorkspacePatchProposal._proposal_is_data_only"", ""resolution"": ""QUALIFIED"", ""source"": ""sentinel/operator/workspace_patch_models.py:31"", ""target"": ""sentinel.operator.safety.assert_data_not_authority""}, {""call_kind"": ""constructor_call"", ""caller"": ""sentinel.operator.workspace_patch_models::WorkspacePatchEvidence._evidence_is_data_only"", ""resolution"": ""QUALIFIED"", ""source"": ""sentinel/operator/workspace_patch_models.py:80"", ""target"": ""sentinel.operator.safety.assert_data_not_authority""}, {""call_kind"": ""constructor_call"", ""caller"": ""sentinel.telemetry.models::TelemetryEventRecord._event_is_data_only"", ""resolution"": ""QUALIFIED"", ""source"": ""sentinel/telemetry/models.py:512"", ""target"": ""sentinel.operator.safety.assert_data_not_authority""}, {""call_kind"": ""constructor_call"", ""caller"": ""sentinel.telemetry.models::TelemetryMetricSample._metric_is_data_only"", ""resolution"": ""QUALIFIED"", ""source"": ""sentinel/telemetry/models.py:590"", ""target"": ""sentinel.operator.safety.assert_data_not_authority""}, {""call_kind"": ""constructor_call"", ""caller"": ""sentinel.telemetry.models::TelemetrySnapshot._snapshot_is_data_only"", ""resolution"": ""QUALIFIED"", ""source"": ""sentinel/telemetry/models.py:666"", ""target"": ""sentinel.operator.safety.assert_data_not_authority""}]",True,none,none,none,none,KEEP,AuthorityKernel,C2 qualified route parity required before deletion,delete only after qualified callers and acceptance probes prove parity,C2 workspace single-spine probes
mission_kernel_store,receipt_proof_owner,sentinel/operator/kernel.py,MissionKernel,"[{""call_kind"": ""constructor_call"", ""caller"": ""sentinel.operator.cockpit::LLMLiveOperatorCockpit.__init__"", ""resolution"": ""QUALIFIED"", ""source"": ""sentinel/operator/cockpit.py:54"", ""target"": ""sentinel.operator.kernel.MissionKernel""}, {""call_kind"": ""constructor_call"", ""caller"": ""sentinel.operator.real_model_certification::RealModelAgentCertificationRunner.run_browser_task"", ""resolution"": ""QUALIFIED"", ""source"": ""sentinel/operator/real_model_certification.py:1587"", ""target"": ""sentinel.operator.kernel.MissionKernel""}, {""call_kind"": ""constructor_call"", ""caller"": ""sentinel.operator.real_model_certification::RealModelAgentCertificationRunner.run_coding_task"", ""resolution"": ""QUALIFIED"", ""source"": ""sentinel/operator/real_model_certification.py:963"", ""target"": ""sentinel.operator.kernel.MissionKernel""}, {""call_kind"": ""constructor_call"", ""caller"": ""sentinel.operator.runtime_host::SentinelRuntimeHost.__init__"", ""resolution"": ""QUALIFIED"", ""source"": ""sentinel/operator/runtime_host.py:481"", ""target"": ""sentinel.operator.kernel.MissionKernel""}]",True,MissionRecord and event timeline,none,none,receipt refs and timeline verification,KEEP,MissionProofRoot,C2 qualified route parity required before deletion,delete only after qualified callers and acceptance probes prove parity,C2 workspace single-spine probes
mission_proof_root,receipt_proof_owner,sentinel/operator/canonical_core.py,MissionProofRoot,[],True,none,none,none,none,KEEP,MissionProofRoot,C2 qualified route parity required before deletion,delete only after qualified callers and acceptance probes prove parity,C2 workspace single-spine probes
workspace_readonly_runtime,workspace_backend,sentinel/operator/workspace_readonly_runtime.py,WorkspaceReadOnlyRuntime,"[{""call_kind"": ""constructor_call"", ""caller"": ""sentinel.operator.runtime_host::_default_workspace_readonly_executor"", ""resolution"": ""QUALIFIED"", ""source"": ""sentinel/operator/runtime_host.py:957"", ""target"": ""sentinel.operator.workspace_readonly_runtime.WorkspaceReadOnlyRuntime""}]",True,none,read-only workspace list/read/search,MissionAuthorityEnvelope workspace_read,ActionResult context cards,KEEP,workspace organ/backend adapter,C2 qualified route parity required before deletion,delete only after qualified callers and acceptance probes prove parity,C2 workspace single-spine probes
workspace_patch_runtime,workspace_backend,sentinel/operator/workspace_patch_runtime.py,WorkspacePatchRuntime,"[{""call_kind"": ""constructor_call"", ""caller"": ""sentinel.operator.runtime_host::_default_workspace_patch_executor"", ""resolution"": ""QUALIFIED"", ""source"": ""sentinel/operator/runtime_host.py:945"", ""target"": ""sentinel.operator.workspace_patch_runtime.WorkspacePatchRuntime""}]",True,none,workspace mutation/check,MissionAuthorityEnvelope path grants,ActionResult receipt refs,KEEP,workspace organ/backend adapter,shared workspace registration owns read and write with separate authority,delete only truly duplicated operations after parity,C2 workspace single-spine probes
product_native_prompt_generated_schema,model_affordance_projection,sentinel/operator/product_model_native_decision_client.py,_model_visible_operation_schemas,[],True,none,none,none,none,KEEP,ExecutableCapabilityGraph,C2 qualified route parity required before deletion,delete only after qualified callers and acceptance probes prove parity,C2 workspace single-spine probes
cli_root_allowed_actions_list,hardcoded_cli_capability_list,sentinel/cli.py,allowed_actions,[],True,none,none,none,none,MIGRATE_DELETE,ExecutableCapabilityGraph,C2 qualified route parity required before deletion,delete only after qualified callers and acceptance probes prove parity,C2 workspace single-spine probes
product_local_cloak_fixture,fake_material_success_route,sentinel/operator/runtime_host.py,_ProductLocalCloakBrowserEngine,[],True,none,none,none,none,ARCHIVE_RESEARCH,browser organ test backend,C2 qualified route parity required before deletion,delete only after qualified callers and acceptance probes prove parity,C2 workspace single-spine probes
local_channel_transport,fake_material_success_route,sentinel/operator/runtime_host.py,_local_channel_transport,[],True,none,none,none,none,MIGRATE_DELETE,channel organ/backend adapter,C2 qualified route parity required before deletion,delete only after qualified callers and acceptance probes prove parity,C2 workspace single-spine probes
