bypass_id,file,evidence_anchor,current_path,classification,priority,target_product_path,next_pack,real_damage_if_misclassified,notes
BYPASS-CHANNEL-001,sentinel-control/services/sentinel-core/sentinel/operator/channel_adapter.py,lines 13 and 445-446 import/use ChannelDraftSendOrganV1.execute,ChannelConnectorRuntime -> ChannelDraftSendOrganV1.execute,BYPASS_WRAP_THROUGH_DISPATCHER,P0,RuntimeHost -> ProductActionKernelDispatchAdapter -> bounded_channel backend,POWER_UNIFICATION_PACK_1_DIRECT_BYPASS_ELIMINATION_V1,external send outside grant if migrated carelessly,Keep organ as backend; product/operator send should enter through ProductActionKernel
BYPASS-MUTATION-001,sentinel-control/services/sentinel-core/sentinel/operator/mutation_artifact_channel.py,lines 12-15 and 452 use L3ReversibleWorkspaceExecutor.execute,GovernedMutationArtifactChannel -> L3ReversibleWorkspaceExecutor.execute,BYPASS_PRODUCT_WIRE,P0,RuntimeHost -> ProductActionKernelDispatchAdapter -> workspace_patch backend,POWER_UNIFICATION_PACK_1_DIRECT_BYPASS_ELIMINATION_V1,destructive write or workspace escape if authority mapping is wrong,Keep artifact assembly; route application through workspace product skill
BYPASS-CERT-001,sentinel-control/services/sentinel-core/sentinel/operator/real_model_certification.py,lines 3886/3952/4013/4309 direct organ execute calls,certification harness -> ShellCodeSandbox/L3Workspace/Browser L6 organs,BYPASS_KEEP_INTERNAL,P1,Certification harness remains internal and cannot be cited as product route proof,POWER_UNIFICATION_PACK_1_DIRECT_BYPASS_ELIMINATION_V1,false product proof if certification path is treated as product runtime,Do not delete yet; label as harness-only until split/wrapped
BYPASS-CERT-002,sentinel-control/services/sentinel-core/sentinel/operator/real_model_certification.py,lines 41-65 import many agent organs into operator harness,operator certification imports agent organs directly,BYPASS_DEPRECATE,P2,thin certification facade over ProductActionKernel or explicit harness namespace,POWER_UNIFICATION_PACK_1_DIRECT_BYPASS_ELIMINATION_V1,harness drift can bypass product proof expectations,Split monolith later; not a product runtime entrypoint
BYPASS-ORGRT-001,sentinel-control/services/sentinel-core/sentinel/agent/organs/runtime_execution.py,lines 667/712 direct L2/L3 executor calls,OrganRuntimeExecution -> local artifact/workspace executors,BYPASS_WRAP_THROUGH_DISPATCHER,P1,organ runtime spec -> ProductActionKernel adapter where product-reachable,POWER_UNIFICATION_PACK_1_DIRECT_BYPASS_ELIMINATION_V1,workspace mutation outside product receipts if promoted directly,Keep as backend/runtime internals; product calls should not enter here directly
BYPASS-ORGRT-002,sentinel-control/services/sentinel-core/sentinel/agent/organs/runtime_execution.py,lines 758/810/862 instantiate browser read/prep/extraction organs,OrganRuntimeExecution branch matrix -> browser organs,BYPASS_PRODUCT_WIRE,P1,real_browser skill spine -> selected browser backend/organs,POWER_UNIFICATION_PACK_4_BROWSER_L5_L6_PRODUCT_BACKEND_V1,real browser action without product replay if wired incorrectly,Use organ spec registry and ProductActionKernel route before product exposure
BYPASS-ORGRT-003,sentinel-control/services/sentinel-core/sentinel/agent/organs/runtime_execution.py,lines 1039/1095/1150/1201 direct L6 special browser organ execute calls,OrganRuntimeExecution -> form/download/upload/js special authorities,BYPASS_LOCK_HIGH_RISK,P0,locked special-authority browser skills only under future explicit grant,POWER_UNIFICATION_PACK_4_BROWSER_L5_L6_PRODUCT_BACKEND_V1,login/payment/upload/js damage if opened as normal browser power,Keep hard-stopped; product spine can expose locked metadata only
BYPASS-ORGDISP-001,sentinel-control/services/sentinel-core/sentinel/agent/organs/organ_dispatch.py,branch-heavy imports plus OrganRequestFactory/spec registry,OrganDispatch branch matrix -> organ handlers,BYPASS_DEPRECATE,P1,organ spec registry + ProductActionKernel backend dispatch,POWER_UNIFICATION_PACK_1_DIRECT_BYPASS_ELIMINATION_V1,dual dispatch semantics and divergent receipts,Pack E/F began this; Pack 1 should mark product path non-primary here
BYPASS-BROWSER-001,sentinel-control/services/sentinel-core/sentinel/agent/organs/browser_session_manager_l5_live.py,lines 356 and 1226 BrowserSessionManagerL5Live cloak session manager,BrowserSessionManagerL5Live direct live backend,BYPASS_PRODUCT_WIRE,P0,real_browser skill -> backend selector -> Cloak/session backend,POWER_UNIFICATION_PACK_4_BROWSER_L5_L6_PRODUCT_BACKEND_V1,cookies/session/profile leakage if not controlled,Keep Cloak as product-leading backend; hide manager details from model
BYPASS-BROWSER-002,sentinel-control/services/sentinel-core/sentinel/organs/browser/navigation_l6.py,normal_browser_l6 and receipt adapter around browser navigation,standalone L6 navigation organ path,BYPASS_LOCK_HIGH_RISK,P0,real_browser special authority route under explicit future grants,POWER_UNIFICATION_PACK_4_BROWSER_L5_L6_PRODUCT_BACKEND_V1,cross-origin/login/payment/contact if opened broadly,Preserve hard boundaries; wire only bounded search/inspect/extract first
BYPASS-BROWSER-003,sentinel-control/services/sentinel-core/sentinel/organs/browser/controlled_runner.py,lines 233/318/388/488/552/592/620/647/682 execute specialized browser executors,controlled runner direct executor matrix,BYPASS_KEEP_INTERNAL,P2,browser skill backend internal compatibility layer,POWER_UNIFICATION_PACK_4_BROWSER_L5_L6_PRODUCT_BACKEND_V1,product proof fragmentation if treated as primary route,Keep for backend tests/compat; not model-facing product route
BYPASS-CLI-001,sentinel-control/services/sentinel-core/sentinel/cli.py,lines 1304 and 1393 direct BrowserFormSubmit/BrowserLogin organ execute,CLI invokes special browser organs directly,BYPASS_LOCK_HIGH_RISK,P0,CLI should call RuntimeHost/ProductActionKernel or remain explicit admin harness,POWER_UNIFICATION_PACK_1_DIRECT_BYPASS_ELIMINATION_V1,login/form submit outside product replay if exposed casually,Audit CLI commands before promoting any as user product path
BYPASS-SKILLFABRIC-001,sentinel-control/services/sentinel-core/sentinel/operator/skill_fabric.py,manifest/runtime connection lists GovernedSkillFabricRuntime as C4 isolated surface,GovernedSkillFabric isolated skill runtime,BYPASS_PRODUCT_WIRE,P1,skill-only model surface backed by ProductActionKernel route,POWER_UNIFICATION_PACK_2_SKILL_ONLY_MODEL_SURFACE_V1,parallel skill execution outside product receipts,Keep data-only until ProductActionKernel owns execution
BYPASS-POWERRUNTIME-001,sentinel-control/services/sentinel-core/sentinel/operator/power_bridge.py,OperatorPowerRuntimeBridge wraps SentinelPowerRuntimeV0 actuator plan,OperatorPowerRuntimeBridge -> PowerRuntime actuators,BYPASS_WRAP_THROUGH_DISPATCHER,P1,RuntimeHost product spine as mission commander with PowerRuntime as backend,POWER_UNIFICATION_PACK_3_AGENT_WORKSPACE_RUNTIME_V1,actuator effects outside product action receipts if promoted directly,Bridge is valuable; product spine must own entry and proof export
BYPASS-POWER-001,sentinel-control/services/sentinel-core/sentinel/power/runtime.py,lines 280-442 SentinelPowerRuntimeV0 calls injected actuator_executor,PowerRuntime direct actuator executor,BYPASS_KEEP_INTERNAL,P2,internal worker/actuator backend under product mission workspace,POWER_UNIFICATION_PACK_5_MULTI_WORKER_LONG_TASK_ORCHESTRATION_V1,unbounded actuator execution if made model-facing,Keep hidden below mission workspace and worker authority
BYPASS-MISSIONRUNNER-001,sentinel-control/services/sentinel-core/sentinel/mission/runner.py,line 207 executor.execute on routed action,legacy mission runner safe executor path,BYPASS_DEPRECATE,P2,RuntimeHost/ProductActionKernel product loop,POWER_UNIFICATION_PACK_1_DIRECT_BYPASS_ELIMINATION_V1,dual mission semantics and receipt divergence,Keep only compatibility/test if not production path
BYPASS-EXTERNALAPI-001,sentinel-control/services/sentinel-core/sentinel/agent/organs/external_api_read_write_organ_v1.py,lines 246/335 organ.execute with contract,ExternalAPIOrganV1 direct read/write organ,BYPASS_LOCK_HIGH_RISK,P0,future external_api skill with dry-run first and explicit credential lease,POWER_UNIFICATION_PACK_2_SKILL_ONLY_MODEL_SURFACE_V1,external mutation or credential misuse,Keep locked; no product dispatch until authority/lease/replay complete
BYPASS-SPEND-001,sentinel-control/services/sentinel-core/sentinel/organs/spend/runtime.py,SpendRuntime execute methods,spend organ direct runtime,BYPASS_LOCK_HIGH_RISK,P0,future special-authority financial skill only,POWER_UNIFICATION_PACK_6_SIGNED_MISSION_ARTIFACTS_AND_REPLAY_VERIFIER_V1,payment/spend real damage,Keep hard-stopped
BYPASS-WORKER-001,sentinel-control/services/sentinel-core/sentinel/operator/worker_fleet.py,worker fleet exists as separate runtime family,WorkerFleet runtime separate from product mission commander,BYPASS_PRODUCT_WIRE,P1,Product mission workspace -> reduced-authority child worker loops,POWER_UNIFICATION_PACK_5_MULTI_WORKER_LONG_TASK_ORCHESTRATION_V1,scope expansion if child authority inheritance is bypassed,Wire after mission workspace is first-class
BYPASS-MEMORY-001,sentinel-control/services/sentinel-core/sentinel/memory/store.py,durable memory store is independent data plane,Memory store direct persistence,BYPASS_KEEP_INTERNAL,P2,remember skill with data-not-authority receipts and replay refs,POWER_UNIFICATION_PACK_3_AGENT_WORKSPACE_RUNTIME_V1,memory becoming authority or leaking secrets if made raw model surface,Keep data-only; product skill should mediate writes
